name,id,boothNumber,order
Rev-A-Shelf (Tresco Lighting),2040,101,1
BASCO Shower Enclosures,2085,103,2
Daltile Corporation,2016,105,3
JR CMO,2110,107,4
Best Card,2072,109,5
Remodelers Advantage,2097,111,6
Kitchen Branding Gifts,2077,113,7
MasterBrand Cabinets,2034,200,14
Lenova Sinkware,2033,201,15
Sirius Range Hoods (through AID),2044,202,13
Emser Tile,2081,203,16
Cosentino Surfaces,2014,204,12
Richelieu America Ltd.,2041,205,17
Cabinetworks Group – Elkay and Masco Products,2035,206,11
Sherwin Williams,2071,208,10
"GuildQuality, Inc.",2083,210,9
Locallogy,2080,211,18
BKBG,2061,212,8
C.H. Briggs,2113,213,19
Top Knobs (USA),2051,215,20
Grothouse Lumber Co.,2022,300,26
"Wellborn Cabinet, Inc.",2068,301,27
Amerock,2005,302,25
John Boos & Co.,2030,303,28
Waypoint Living Spaces,2055,304,24
Caesarstone,2087,305,29
Formica Corporation,2100,310,23
Task Lighting Corporation,2049,312,22
Hardware Resources,2024,314,21
Häfele America,2023,400,32
BOCCHI,2107,401,33
Warmly Yours Radiant Heating,2054,402,31
Congoleum Corporation,2013,403,34
The Stock Market,2050,404,30
Insinkerator,2027,405,35
Stor-X Organizing Systems,2046,407,36
Holiday Kitchens,2025,409,37
