name,type,city,state,zip,boothNumber,id
Amerock,Vendor,Huntersville,NC,28078,302,2005
BASCO Shower Enclosures,Vendor,Mason,OH,45040,103,2085
Best Card,Vendor,Centennial,CO,80111,109,2072
BKBG,Vendor,Bethesda,MD,20005,212,2061
BOCCHI,Vendor,Alpharetta,GA,30005,401,2107
C.H. Briggs,Vendor,Reading,PA,19605,213,2113
Cabinetworks Group – Elkay and Masco Products,Vendor,Ann Arbor,MI,48105,206,2035
"Caesarstone
",Vendor,Charlotte,NC,28208,305,2087
Congoleum Corporation,Vendor,Mercerville,NJ,08619-0127,403,2013
Cosentino Surfaces,Vendor,Coral Gables,FL,33134,204,2014
Daltile Corporation,Vendor,Dallas,TX ,75217,105,2016
Emser Tile,Vendor,Los Angeles,CA,90069,203,2081
Formica Corporation,Vendor,Cincinnati,OH,45241,310,2100
Grothouse Lumber Co.,Vendor,Germansville,PA,18053,300,2022
"GuildQuality, Inc.",Vendor,Atlanta,GA,30324,210,2083
Häfele America,Vendor,Archdale,NC,27263,400,2023
Hardware Resources,Vendor,Bossier City,LA,71172,314,2024
Holiday Kitchens,Vendor,Rice Lake,WI,54868,409,2025
Insinkerator,Vendor,Racine,WI,53406,405,2027
John Boos & Co.,Vendor,Effingham,IL,62401,303,2030
JR CMO,Vendor,McKinney,TX,75070,107,2110
Kitchen Branding Gifts,Vendor,St. Louis,MO,63108,113,2077
Lenova Sinkware,Vendor,Hillside,IL,60162,201,2033
Locallogy,Vendor,Dublin,OH,43017,211,2080
MasterBrand Cabinets,Vendor,Jasper,IN,47547-0420,200,2034
Remodelers Advantage,Vendor,Linthicum,MD,21090,111,2097
Rev-A-Shelf (Tresco Lighting),Vendor,Jeffersontown,KY,40299-2527,101,2040
Richelieu America Ltd.,Vendor,Sterling Heights,MI,48312,205,2041
Sherwin Williams,Vendor,Houston,TX,77040,208,2071
Sirius Range Hoods (through AID),Vendor,Plattsburgh,NY,12901,202,2044
Stor-X Organizing Systems,Vendor,Richmond,BC,V7A 5J1,407,2046
Task Lighting Corporation,Vendor,Bossier City,LA,71172,312,2049
The Stock Market,Vendor,Newport News,VA,23602-4314,404,2050
Top Knobs (USA),Vendor,Hillsborough,NJ,8502,215,2051
Warmly Yours Radiant Heating,Vendor,Lake Zurich,IL,60047,402,2054
Waypoint Living Spaces,Vendor,Winchester,VA,22603,304,2055
"Wellborn Cabinet, Inc.",Vendor,Ashland,AL,36251,301,2068
